1,jmoffett0,Johnette,Moffett,74 Merry Pass,jmoffett0@technorati.com,3ea09ec554a19705f9235639166b89d8cc6bf23873096664676654a44faba66ed052fabdb8306f73b9df532c2a377e071c339ac5b0f24068c943ab7e1badb2fe7bed4271e5e52a8780a347595b84a6ca579c5015dce4fcea91e62bdf0a27b4227879bae8086d42c13d6060bcdab23aa58f86b14fe39b1c74732f187d61cf0991869eb4fb302ed5ba8f648ad58255c77fdb4dd1f25fa777e469a55e42e78284872620ec1ad5e341a50e99cac23bd3cc53af4f941bd0a5c103222801f0fcaf5e898e3d7c4aea9eb10700f759b22a229703e35de00142dd9ba3f5f99e1e4a9c6f4d9691294ab3dcac5f4154908c007accffed97ecfc5c95246cf4b8adaaac7013ea39ea4edaa969f89ae0d7a65f56e1888742f2c23c21f5e9a55b6a9997144828494aeb6af74354e92097f41a64e7cbe1c1b42f5ddb863ca24cc766860ce798b80f5d7f8783ff6c4f165adac1c82b0a4031223a7c9dcb92ba216f5c116feb02e5adc1c5806fa72a7d93f432b12c88e1753fd942417d2f2b7688b3b87193dc944152225f3763b91cc4dabb3ec2ab8a355ee6a369a8c6e4fe8d234207262ded771ba98abce40405edb64573c589e186fdf405610b8c28a6aaed7b0eaeece9fd16d6ebbe2b7a85c50663b70b02edad888faa9dd3f2d67830b14fb25ea7b3efd0a9774161a0d9d2c8ff56df43c2c59c7061fbb3d116380d86be23b46e32255a81202a51,5369855eb3de6676ebc0207a3811713d,814-784-3122,2022-09-16T01:19:27Z,,5048372005862947,Date.now(),Date.now(),23,2
2,bdysert1,Boigie,Dysert,90692 Hanson Place,bdysert1@toplist.cz,6b90e0ebf87334ea75a9ea54617b1741498b0f1d6df17ca993b0f65e0a4375cf5af7737c7035073e243cd796b433af6a73224be5b5e3d51169f23923ba25d327ba24446dca1876b23ae424e6fc2b66c4e64413543617ec7aa83dfbc73c8d2aea23ac11b8797c17de83c7459684078136b8230a9cd95138ad96569ae5f18d99144e3146d875bbca69d635b5a624fac917a355538abf7916d719c016dc64bed7fe6d065a723a48d1d6376eb20b2781d91a09b5135fd62ccde6bae05f30a1f3aab7b457dc241a52ed4e310cadd60332b04d7bb8f0ae47dad596d0312bea79228660495c92b2d94f75541ed09ec842c6b74fa5c5fd601c58e9ed534371775e7deb1e7aa4733a0c2cc691936d90326d273402f71a934037934b8bd638f0f337c037f74bb65bb861937d51531b47869489c7094df3b8f1c8432e24f0dacfa4f787f2e333af0a1e2d4620204a0409f86720befde20bd5f3e76862f2220826165bc0f01fb83908ca1c08636c5b837dd3ab77b403275b661a034fb214dfa779e03a2a1c0a3418591f95069b1534ff2d1eb4987174df5fd7604138983e6c68d8bc0ed08a627c243686dd400a5cc45dde6ee394d8f66addfff1a0987843ff54f6b22c1e9b6f7c2f93bfa74fc6768f0de674b06ec5cffd5e0d09ec8e7927cee7a44cb61cd26d93cdd6743d04bc35960869e3a2d196878b1f01662cfb58134be1f6d93db78de3,"",328-217-4410,2022-10-01T23:21:45Z,,,Date.now(),Date.now(),16,3
3,kstanworth2,Kayley,Stanworth,527 Crownhardt Place,kstanworth2@blogspot.com,3ea09ec554a19705f9235639166b89d8cc6bf23873096664676654a44faba66ed052fabdb8306f73b9df532c2a377e071c339ac5b0f24068c943ab7e1badb2fe7bed4271e5e52a8780a347595b84a6ca579c5015dce4fcea91e62bdf0a27b4227879bae8086d42c13d6060bcdab23aa58f86b14fe39b1c74732f187d61cf0991869eb4fb302ed5ba8f648ad58255c77fdb4dd1f25fa777e469a55e42e78284872620ec1ad5e341a50e99cac23bd3cc53af4f941bd0a5c103222801f0fcaf5e898e3d7c4aea9eb10700f759b22a229703e35de00142dd9ba3f5f99e1e4a9c6f4d9691294ab3dcac5f4154908c007accffed97ecfc5c95246cf4b8adaaac7013ea39ea4edaa969f89ae0d7a65f56e1888742f2c23c21f5e9a55b6a9997144828494aeb6af74354e92097f41a64e7cbe1c1b42f5ddb863ca24cc766860ce798b80f5d7f8783ff6c4f165adac1c82b0a4031223a7c9dcb92ba216f5c116feb02e5adc1c5806fa72a7d93f432b12c88e1753fd942417d2f2b7688b3b87193dc944152225f3763b91cc4dabb3ec2ab8a355ee6a369a8c6e4fe8d234207262ded771ba98abce40405edb64573c589e186fdf405610b8c28a6aaed7b0eaeece9fd16d6ebbe2b7a85c50663b70b02edad888faa9dd3f2d67830b14fb25ea7b3efd0a9774161a0d9d2c8ff56df43c2c59c7061fbb3d116380d86be23b46e32255a81202a51,86b80727d604c6fb2c3fa3e50086f8fe,291-892-6424,2022-03-30T15:09:17Z,,5048378468068575,Date.now(),Date.now(),19,4
4,bdeniso3,Barthel,Deniso,6 Briar Crest Junction,bdeniso3@multiply.com,6b90e0ebf87334ea75a9ea54617b1741498b0f1d6df17ca993b0f65e0a4375cf5af7737c7035073e243cd796b433af6a73224be5b5e3d51169f23923ba25d327ba24446dca1876b23ae424e6fc2b66c4e64413543617ec7aa83dfbc73c8d2aea23ac11b8797c17de83c7459684078136b8230a9cd95138ad96569ae5f18d99144e3146d875bbca69d635b5a624fac917a355538abf7916d719c016dc64bed7fe6d065a723a48d1d6376eb20b2781d91a09b5135fd62ccde6bae05f30a1f3aab7b457dc241a52ed4e310cadd60332b04d7bb8f0ae47dad596d0312bea79228660495c92b2d94f75541ed09ec842c6b74fa5c5fd601c58e9ed534371775e7deb1e7aa4733a0c2cc691936d90326d273402f71a934037934b8bd638f0f337c037f74bb65bb861937d51531b47869489c7094df3b8f1c8432e24f0dacfa4f787f2e333af0a1e2d4620204a0409f86720befde20bd5f3e76862f2220826165bc0f01fb83908ca1c08636c5b837dd3ab77b403275b661a034fb214dfa779e03a2a1c0a3418591f95069b1534ff2d1eb4987174df5fd7604138983e6c68d8bc0ed08a627c243686dd400a5cc45dde6ee394d8f66addfff1a0987843ff54f6b22c1e9b6f7c2f93bfa74fc6768f0de674b06ec5cffd5e0d09ec8e7927cee7a44cb61cd26d93cdd6743d04bc35960869e3a2d196878b1f01662cfb58134be1f6d93db78de3,5369855eb3de6676ebc0207a3811713d,319-358-2491,2022-06-16T17:06:46Z,mastercard,5108757750473022,Date.now(),Date.now(),14,5
5,abesse4,Anjanette,Besse,26708 Johnson Parkway,abesse4@tamu.edu,3ea09ec554a19705f9235639166b89d8cc6bf23873096664676654a44faba66ed052fabdb8306f73b9df532c2a377e071c339ac5b0f24068c943ab7e1badb2fe7bed4271e5e52a8780a347595b84a6ca579c5015dce4fcea91e62bdf0a27b4227879bae8086d42c13d6060bcdab23aa58f86b14fe39b1c74732f187d61cf0991869eb4fb302ed5ba8f648ad58255c77fdb4dd1f25fa777e469a55e42e78284872620ec1ad5e341a50e99cac23bd3cc53af4f941bd0a5c103222801f0fcaf5e898e3d7c4aea9eb10700f759b22a229703e35de00142dd9ba3f5f99e1e4a9c6f4d9691294ab3dcac5f4154908c007accffed97ecfc5c95246cf4b8adaaac7013ea39ea4edaa969f89ae0d7a65f56e1888742f2c23c21f5e9a55b6a9997144828494aeb6af74354e92097f41a64e7cbe1c1b42f5ddb863ca24cc766860ce798b80f5d7f8783ff6c4f165adac1c82b0a4031223a7c9dcb92ba216f5c116feb02e5adc1c5806fa72a7d93f432b12c88e1753fd942417d2f2b7688b3b87193dc944152225f3763b91cc4dabb3ec2ab8a355ee6a369a8c6e4fe8d234207262ded771ba98abce40405edb64573c589e186fdf405610b8c28a6aaed7b0eaeece9fd16d6ebbe2b7a85c50663b70b02edad888faa9dd3f2d67830b14fb25ea7b3efd0a9774161a0d9d2c8ff56df43c2c59c7061fbb3d116380d86be23b46e32255a81202a51,"",557-627-4174,2022-02-07T22:35:40Z,,5108756511011451,Date.now(),Date.now(),21,2
6,doflaherty5,Davon,O' Flaherty,5877 Amoth Plaza,doflaherty5@amazon.co.jp,6b90e0ebf87334ea75a9ea54617b1741498b0f1d6df17ca993b0f65e0a4375cf5af7737c7035073e243cd796b433af6a73224be5b5e3d51169f23923ba25d327ba24446dca1876b23ae424e6fc2b66c4e64413543617ec7aa83dfbc73c8d2aea23ac11b8797c17de83c7459684078136b8230a9cd95138ad96569ae5f18d99144e3146d875bbca69d635b5a624fac917a355538abf7916d719c016dc64bed7fe6d065a723a48d1d6376eb20b2781d91a09b5135fd62ccde6bae05f30a1f3aab7b457dc241a52ed4e310cadd60332b04d7bb8f0ae47dad596d0312bea79228660495c92b2d94f75541ed09ec842c6b74fa5c5fd601c58e9ed534371775e7deb1e7aa4733a0c2cc691936d90326d273402f71a934037934b8bd638f0f337c037f74bb65bb861937d51531b47869489c7094df3b8f1c8432e24f0dacfa4f787f2e333af0a1e2d4620204a0409f86720befde20bd5f3e76862f2220826165bc0f01fb83908ca1c08636c5b837dd3ab77b403275b661a034fb214dfa779e03a2a1c0a3418591f95069b1534ff2d1eb4987174df5fd7604138983e6c68d8bc0ed08a627c243686dd400a5cc45dde6ee394d8f66addfff1a0987843ff54f6b22c1e9b6f7c2f93bfa74fc6768f0de674b06ec5cffd5e0d09ec8e7927cee7a44cb61cd26d93cdd6743d04bc35960869e3a2d196878b1f01662cfb58134be1f6d93db78de3,86b80727d604c6fb2c3fa3e50086f8fe,999-897-6049,2022-10-09T18:31:10Z,mastercard,5048378546656946,Date.now(),Date.now(),19,3
7,ksprowles6,Karalee,Sprowles,08142 Carioca Court,ksprowles6@abc.net.au,3ea09ec554a19705f9235639166b89d8cc6bf23873096664676654a44faba66ed052fabdb8306f73b9df532c2a377e071c339ac5b0f24068c943ab7e1badb2fe7bed4271e5e52a8780a347595b84a6ca579c5015dce4fcea91e62bdf0a27b4227879bae8086d42c13d6060bcdab23aa58f86b14fe39b1c74732f187d61cf0991869eb4fb302ed5ba8f648ad58255c77fdb4dd1f25fa777e469a55e42e78284872620ec1ad5e341a50e99cac23bd3cc53af4f941bd0a5c103222801f0fcaf5e898e3d7c4aea9eb10700f759b22a229703e35de00142dd9ba3f5f99e1e4a9c6f4d9691294ab3dcac5f4154908c007accffed97ecfc5c95246cf4b8adaaac7013ea39ea4edaa969f89ae0d7a65f56e1888742f2c23c21f5e9a55b6a9997144828494aeb6af74354e92097f41a64e7cbe1c1b42f5ddb863ca24cc766860ce798b80f5d7f8783ff6c4f165adac1c82b0a4031223a7c9dcb92ba216f5c116feb02e5adc1c5806fa72a7d93f432b12c88e1753fd942417d2f2b7688b3b87193dc944152225f3763b91cc4dabb3ec2ab8a355ee6a369a8c6e4fe8d234207262ded771ba98abce40405edb64573c589e186fdf405610b8c28a6aaed7b0eaeece9fd16d6ebbe2b7a85c50663b70b02edad888faa9dd3f2d67830b14fb25ea7b3efd0a9774161a0d9d2c8ff56df43c2c59c7061fbb3d116380d86be23b46e32255a81202a51,5369855eb3de6676ebc0207a3811713d,979-170-0855,2022-04-19T21:18:22Z,,5048373480562309,Date.now(),Date.now(),8,4
8,kalderwick7,Kevon,Alderwick,73410 Vidon Hill,kalderwick7@etsy.com,6b90e0ebf87334ea75a9ea54617b1741498b0f1d6df17ca993b0f65e0a4375cf5af7737c7035073e243cd796b433af6a73224be5b5e3d51169f23923ba25d327ba24446dca1876b23ae424e6fc2b66c4e64413543617ec7aa83dfbc73c8d2aea23ac11b8797c17de83c7459684078136b8230a9cd95138ad96569ae5f18d99144e3146d875bbca69d635b5a624fac917a355538abf7916d719c016dc64bed7fe6d065a723a48d1d6376eb20b2781d91a09b5135fd62ccde6bae05f30a1f3aab7b457dc241a52ed4e310cadd60332b04d7bb8f0ae47dad596d0312bea79228660495c92b2d94f75541ed09ec842c6b74fa5c5fd601c58e9ed534371775e7deb1e7aa4733a0c2cc691936d90326d273402f71a934037934b8bd638f0f337c037f74bb65bb861937d51531b47869489c7094df3b8f1c8432e24f0dacfa4f787f2e333af0a1e2d4620204a0409f86720befde20bd5f3e76862f2220826165bc0f01fb83908ca1c08636c5b837dd3ab77b403275b661a034fb214dfa779e03a2a1c0a3418591f95069b1534ff2d1eb4987174df5fd7604138983e6c68d8bc0ed08a627c243686dd400a5cc45dde6ee394d8f66addfff1a0987843ff54f6b22c1e9b6f7c2f93bfa74fc6768f0de674b06ec5cffd5e0d09ec8e7927cee7a44cb61cd26d93cdd6743d04bc35960869e3a2d196878b1f01662cfb58134be1f6d93db78de3,"",825-734-8747,2022-02-15T11:45:23Z,,5048373294185347,Date.now(),Date.now(),3,5
9,eharome8,Emanuel,Harome,5866 Old Shore Way,eharome8@google.ca,3ea09ec554a19705f9235639166b89d8cc6bf23873096664676654a44faba66ed052fabdb8306f73b9df532c2a377e071c339ac5b0f24068c943ab7e1badb2fe7bed4271e5e52a8780a347595b84a6ca579c5015dce4fcea91e62bdf0a27b4227879bae8086d42c13d6060bcdab23aa58f86b14fe39b1c74732f187d61cf0991869eb4fb302ed5ba8f648ad58255c77fdb4dd1f25fa777e469a55e42e78284872620ec1ad5e341a50e99cac23bd3cc53af4f941bd0a5c103222801f0fcaf5e898e3d7c4aea9eb10700f759b22a229703e35de00142dd9ba3f5f99e1e4a9c6f4d9691294ab3dcac5f4154908c007accffed97ecfc5c95246cf4b8adaaac7013ea39ea4edaa969f89ae0d7a65f56e1888742f2c23c21f5e9a55b6a9997144828494aeb6af74354e92097f41a64e7cbe1c1b42f5ddb863ca24cc766860ce798b80f5d7f8783ff6c4f165adac1c82b0a4031223a7c9dcb92ba216f5c116feb02e5adc1c5806fa72a7d93f432b12c88e1753fd942417d2f2b7688b3b87193dc944152225f3763b91cc4dabb3ec2ab8a355ee6a369a8c6e4fe8d234207262ded771ba98abce40405edb64573c589e186fdf405610b8c28a6aaed7b0eaeece9fd16d6ebbe2b7a85c50663b70b02edad888faa9dd3f2d67830b14fb25ea7b3efd0a9774161a0d9d2c8ff56df43c2c59c7061fbb3d116380d86be23b46e32255a81202a51,86b80727d604c6fb2c3fa3e50086f8fe,349-315-2181,2022-08-05T12:02:19Z,,,Date.now(),Date.now(),24,2
10,sdumigan9,Smitty,Dumigan,915 Oak Parkway,sdumigan9@cnn.com,6b90e0ebf87334ea75a9ea54617b1741498b0f1d6df17ca993b0f65e0a4375cf5af7737c7035073e243cd796b433af6a73224be5b5e3d51169f23923ba25d327ba24446dca1876b23ae424e6fc2b66c4e64413543617ec7aa83dfbc73c8d2aea23ac11b8797c17de83c7459684078136b8230a9cd95138ad96569ae5f18d99144e3146d875bbca69d635b5a624fac917a355538abf7916d719c016dc64bed7fe6d065a723a48d1d6376eb20b2781d91a09b5135fd62ccde6bae05f30a1f3aab7b457dc241a52ed4e310cadd60332b04d7bb8f0ae47dad596d0312bea79228660495c92b2d94f75541ed09ec842c6b74fa5c5fd601c58e9ed534371775e7deb1e7aa4733a0c2cc691936d90326d273402f71a934037934b8bd638f0f337c037f74bb65bb861937d51531b47869489c7094df3b8f1c8432e24f0dacfa4f787f2e333af0a1e2d4620204a0409f86720befde20bd5f3e76862f2220826165bc0f01fb83908ca1c08636c5b837dd3ab77b403275b661a034fb214dfa779e03a2a1c0a3418591f95069b1534ff2d1eb4987174df5fd7604138983e6c68d8bc0ed08a627c243686dd400a5cc45dde6ee394d8f66addfff1a0987843ff54f6b22c1e9b6f7c2f93bfa74fc6768f0de674b06ec5cffd5e0d09ec8e7927cee7a44cb61cd26d93cdd6743d04bc35960869e3a2d196878b1f01662cfb58134be1f6d93db78de3,5369855eb3de6676ebc0207a3811713d,301-333-6187,2022-01-05T22:00:52Z,,,Date.now(),Date.now(),12,3
11,ifalveya,Ilyse,Falvey,25874 Dennis Place,ifalveya@tamu.edu,3ea09ec554a19705f9235639166b89d8cc6bf23873096664676654a44faba66ed052fabdb8306f73b9df532c2a377e071c339ac5b0f24068c943ab7e1badb2fe7bed4271e5e52a8780a347595b84a6ca579c5015dce4fcea91e62bdf0a27b4227879bae8086d42c13d6060bcdab23aa58f86b14fe39b1c74732f187d61cf0991869eb4fb302ed5ba8f648ad58255c77fdb4dd1f25fa777e469a55e42e78284872620ec1ad5e341a50e99cac23bd3cc53af4f941bd0a5c103222801f0fcaf5e898e3d7c4aea9eb10700f759b22a229703e35de00142dd9ba3f5f99e1e4a9c6f4d9691294ab3dcac5f4154908c007accffed97ecfc5c95246cf4b8adaaac7013ea39ea4edaa969f89ae0d7a65f56e1888742f2c23c21f5e9a55b6a9997144828494aeb6af74354e92097f41a64e7cbe1c1b42f5ddb863ca24cc766860ce798b80f5d7f8783ff6c4f165adac1c82b0a4031223a7c9dcb92ba216f5c116feb02e5adc1c5806fa72a7d93f432b12c88e1753fd942417d2f2b7688b3b87193dc944152225f3763b91cc4dabb3ec2ab8a355ee6a369a8c6e4fe8d234207262ded771ba98abce40405edb64573c589e186fdf405610b8c28a6aaed7b0eaeece9fd16d6ebbe2b7a85c50663b70b02edad888faa9dd3f2d67830b14fb25ea7b3efd0a9774161a0d9d2c8ff56df43c2c59c7061fbb3d116380d86be23b46e32255a81202a51,"",345-709-9530,2022-03-15T10:16:44Z,mastercard,5048377317246432,Date.now(),Date.now(),19,4
12,gkikeb,Gray,Kike,8 La Follette Court,gkikeb@independent.co.uk,6b90e0ebf87334ea75a9ea54617b1741498b0f1d6df17ca993b0f65e0a4375cf5af7737c7035073e243cd796b433af6a73224be5b5e3d51169f23923ba25d327ba24446dca1876b23ae424e6fc2b66c4e64413543617ec7aa83dfbc73c8d2aea23ac11b8797c17de83c7459684078136b8230a9cd95138ad96569ae5f18d99144e3146d875bbca69d635b5a624fac917a355538abf7916d719c016dc64bed7fe6d065a723a48d1d6376eb20b2781d91a09b5135fd62ccde6bae05f30a1f3aab7b457dc241a52ed4e310cadd60332b04d7bb8f0ae47dad596d0312bea79228660495c92b2d94f75541ed09ec842c6b74fa5c5fd601c58e9ed534371775e7deb1e7aa4733a0c2cc691936d90326d273402f71a934037934b8bd638f0f337c037f74bb65bb861937d51531b47869489c7094df3b8f1c8432e24f0dacfa4f787f2e333af0a1e2d4620204a0409f86720befde20bd5f3e76862f2220826165bc0f01fb83908ca1c08636c5b837dd3ab77b403275b661a034fb214dfa779e03a2a1c0a3418591f95069b1534ff2d1eb4987174df5fd7604138983e6c68d8bc0ed08a627c243686dd400a5cc45dde6ee394d8f66addfff1a0987843ff54f6b22c1e9b6f7c2f93bfa74fc6768f0de674b06ec5cffd5e0d09ec8e7927cee7a44cb61cd26d93cdd6743d04bc35960869e3a2d196878b1f01662cfb58134be1f6d93db78de3,86b80727d604c6fb2c3fa3e50086f8fe,335-567-5693,2021-12-26T04:34:29Z,mastercard,5048374889389252,Date.now(),Date.now(),15,5
13,mhingc,Merrel,Hing,40 Sunfield Road,mhingc@scribd.com,3ea09ec554a19705f9235639166b89d8cc6bf23873096664676654a44faba66ed052fabdb8306f73b9df532c2a377e071c339ac5b0f24068c943ab7e1badb2fe7bed4271e5e52a8780a347595b84a6ca579c5015dce4fcea91e62bdf0a27b4227879bae8086d42c13d6060bcdab23aa58f86b14fe39b1c74732f187d61cf0991869eb4fb302ed5ba8f648ad58255c77fdb4dd1f25fa777e469a55e42e78284872620ec1ad5e341a50e99cac23bd3cc53af4f941bd0a5c103222801f0fcaf5e898e3d7c4aea9eb10700f759b22a229703e35de00142dd9ba3f5f99e1e4a9c6f4d9691294ab3dcac5f4154908c007accffed97ecfc5c95246cf4b8adaaac7013ea39ea4edaa969f89ae0d7a65f56e1888742f2c23c21f5e9a55b6a9997144828494aeb6af74354e92097f41a64e7cbe1c1b42f5ddb863ca24cc766860ce798b80f5d7f8783ff6c4f165adac1c82b0a4031223a7c9dcb92ba216f5c116feb02e5adc1c5806fa72a7d93f432b12c88e1753fd942417d2f2b7688b3b87193dc944152225f3763b91cc4dabb3ec2ab8a355ee6a369a8c6e4fe8d234207262ded771ba98abce40405edb64573c589e186fdf405610b8c28a6aaed7b0eaeece9fd16d6ebbe2b7a85c50663b70b02edad888faa9dd3f2d67830b14fb25ea7b3efd0a9774161a0d9d2c8ff56df43c2c59c7061fbb3d116380d86be23b46e32255a81202a51,5369855eb3de6676ebc0207a3811713d,405-532-7042,2021-12-02T04:26:25Z,,,Date.now(),Date.now(),3,2
14,amaccarrickd,Andrej,MacCarrick,5 Steensland Point,amaccarrickd@nytimes.com,6b90e0ebf87334ea75a9ea54617b1741498b0f1d6df17ca993b0f65e0a4375cf5af7737c7035073e243cd796b433af6a73224be5b5e3d51169f23923ba25d327ba24446dca1876b23ae424e6fc2b66c4e64413543617ec7aa83dfbc73c8d2aea23ac11b8797c17de83c7459684078136b8230a9cd95138ad96569ae5f18d99144e3146d875bbca69d635b5a624fac917a355538abf7916d719c016dc64bed7fe6d065a723a48d1d6376eb20b2781d91a09b5135fd62ccde6bae05f30a1f3aab7b457dc241a52ed4e310cadd60332b04d7bb8f0ae47dad596d0312bea79228660495c92b2d94f75541ed09ec842c6b74fa5c5fd601c58e9ed534371775e7deb1e7aa4733a0c2cc691936d90326d273402f71a934037934b8bd638f0f337c037f74bb65bb861937d51531b47869489c7094df3b8f1c8432e24f0dacfa4f787f2e333af0a1e2d4620204a0409f86720befde20bd5f3e76862f2220826165bc0f01fb83908ca1c08636c5b837dd3ab77b403275b661a034fb214dfa779e03a2a1c0a3418591f95069b1534ff2d1eb4987174df5fd7604138983e6c68d8bc0ed08a627c243686dd400a5cc45dde6ee394d8f66addfff1a0987843ff54f6b22c1e9b6f7c2f93bfa74fc6768f0de674b06ec5cffd5e0d09ec8e7927cee7a44cb61cd26d93cdd6743d04bc35960869e3a2d196878b1f01662cfb58134be1f6d93db78de3,"",139-751-4099,2022-06-04T18:25:43Z,,,Date.now(),Date.now(),6,3
15,ahefferone,Allie,Hefferon,36 Lakeland Parkway,ahefferone@bloglines.com,3ea09ec554a19705f9235639166b89d8cc6bf23873096664676654a44faba66ed052fabdb8306f73b9df532c2a377e071c339ac5b0f24068c943ab7e1badb2fe7bed4271e5e52a8780a347595b84a6ca579c5015dce4fcea91e62bdf0a27b4227879bae8086d42c13d6060bcdab23aa58f86b14fe39b1c74732f187d61cf0991869eb4fb302ed5ba8f648ad58255c77fdb4dd1f25fa777e469a55e42e78284872620ec1ad5e341a50e99cac23bd3cc53af4f941bd0a5c103222801f0fcaf5e898e3d7c4aea9eb10700f759b22a229703e35de00142dd9ba3f5f99e1e4a9c6f4d9691294ab3dcac5f4154908c007accffed97ecfc5c95246cf4b8adaaac7013ea39ea4edaa969f89ae0d7a65f56e1888742f2c23c21f5e9a55b6a9997144828494aeb6af74354e92097f41a64e7cbe1c1b42f5ddb863ca24cc766860ce798b80f5d7f8783ff6c4f165adac1c82b0a4031223a7c9dcb92ba216f5c116feb02e5adc1c5806fa72a7d93f432b12c88e1753fd942417d2f2b7688b3b87193dc944152225f3763b91cc4dabb3ec2ab8a355ee6a369a8c6e4fe8d234207262ded771ba98abce40405edb64573c589e186fdf405610b8c28a6aaed7b0eaeece9fd16d6ebbe2b7a85c50663b70b02edad888faa9dd3f2d67830b14fb25ea7b3efd0a9774161a0d9d2c8ff56df43c2c59c7061fbb3d116380d86be23b46e32255a81202a51,86b80727d604c6fb2c3fa3e50086f8fe,218-284-8899,2022-07-04T19:36:31Z,mastercard,5048374391892801,Date.now(),Date.now(),19,4
16,brosengartf,Boonie,Rosengart,9399 Anhalt Place,brosengartf@google.co.uk,6b90e0ebf87334ea75a9ea54617b1741498b0f1d6df17ca993b0f65e0a4375cf5af7737c7035073e243cd796b433af6a73224be5b5e3d51169f23923ba25d327ba24446dca1876b23ae424e6fc2b66c4e64413543617ec7aa83dfbc73c8d2aea23ac11b8797c17de83c7459684078136b8230a9cd95138ad96569ae5f18d99144e3146d875bbca69d635b5a624fac917a355538abf7916d719c016dc64bed7fe6d065a723a48d1d6376eb20b2781d91a09b5135fd62ccde6bae05f30a1f3aab7b457dc241a52ed4e310cadd60332b04d7bb8f0ae47dad596d0312bea79228660495c92b2d94f75541ed09ec842c6b74fa5c5fd601c58e9ed534371775e7deb1e7aa4733a0c2cc691936d90326d273402f71a934037934b8bd638f0f337c037f74bb65bb861937d51531b47869489c7094df3b8f1c8432e24f0dacfa4f787f2e333af0a1e2d4620204a0409f86720befde20bd5f3e76862f2220826165bc0f01fb83908ca1c08636c5b837dd3ab77b403275b661a034fb214dfa779e03a2a1c0a3418591f95069b1534ff2d1eb4987174df5fd7604138983e6c68d8bc0ed08a627c243686dd400a5cc45dde6ee394d8f66addfff1a0987843ff54f6b22c1e9b6f7c2f93bfa74fc6768f0de674b06ec5cffd5e0d09ec8e7927cee7a44cb61cd26d93cdd6743d04bc35960869e3a2d196878b1f01662cfb58134be1f6d93db78de3,5369855eb3de6676ebc0207a3811713d,831-374-3174,2022-03-13T12:55:58Z,,5048375765450019,Date.now(),Date.now(),17,5
17,rredholeg,Rafi,Redhole,353 Surrey Junction,rredholeg@wikia.com,3ea09ec554a19705f9235639166b89d8cc6bf23873096664676654a44faba66ed052fabdb8306f73b9df532c2a377e071c339ac5b0f24068c943ab7e1badb2fe7bed4271e5e52a8780a347595b84a6ca579c5015dce4fcea91e62bdf0a27b4227879bae8086d42c13d6060bcdab23aa58f86b14fe39b1c74732f187d61cf0991869eb4fb302ed5ba8f648ad58255c77fdb4dd1f25fa777e469a55e42e78284872620ec1ad5e341a50e99cac23bd3cc53af4f941bd0a5c103222801f0fcaf5e898e3d7c4aea9eb10700f759b22a229703e35de00142dd9ba3f5f99e1e4a9c6f4d9691294ab3dcac5f4154908c007accffed97ecfc5c95246cf4b8adaaac7013ea39ea4edaa969f89ae0d7a65f56e1888742f2c23c21f5e9a55b6a9997144828494aeb6af74354e92097f41a64e7cbe1c1b42f5ddb863ca24cc766860ce798b80f5d7f8783ff6c4f165adac1c82b0a4031223a7c9dcb92ba216f5c116feb02e5adc1c5806fa72a7d93f432b12c88e1753fd942417d2f2b7688b3b87193dc944152225f3763b91cc4dabb3ec2ab8a355ee6a369a8c6e4fe8d234207262ded771ba98abce40405edb64573c589e186fdf405610b8c28a6aaed7b0eaeece9fd16d6ebbe2b7a85c50663b70b02edad888faa9dd3f2d67830b14fb25ea7b3efd0a9774161a0d9d2c8ff56df43c2c59c7061fbb3d116380d86be23b46e32255a81202a51,"",933-144-7920,2022-04-24T09:01:34Z,mastercard,5108755069558848,Date.now(),Date.now(),18,2
18,amcandrewh,Arley,Mc Andrew,3277 Macpherson Parkway,amcandrewh@blogs.com,6b90e0ebf87334ea75a9ea54617b1741498b0f1d6df17ca993b0f65e0a4375cf5af7737c7035073e243cd796b433af6a73224be5b5e3d51169f23923ba25d327ba24446dca1876b23ae424e6fc2b66c4e64413543617ec7aa83dfbc73c8d2aea23ac11b8797c17de83c7459684078136b8230a9cd95138ad96569ae5f18d99144e3146d875bbca69d635b5a624fac917a355538abf7916d719c016dc64bed7fe6d065a723a48d1d6376eb20b2781d91a09b5135fd62ccde6bae05f30a1f3aab7b457dc241a52ed4e310cadd60332b04d7bb8f0ae47dad596d0312bea79228660495c92b2d94f75541ed09ec842c6b74fa5c5fd601c58e9ed534371775e7deb1e7aa4733a0c2cc691936d90326d273402f71a934037934b8bd638f0f337c037f74bb65bb861937d51531b47869489c7094df3b8f1c8432e24f0dacfa4f787f2e333af0a1e2d4620204a0409f86720befde20bd5f3e76862f2220826165bc0f01fb83908ca1c08636c5b837dd3ab77b403275b661a034fb214dfa779e03a2a1c0a3418591f95069b1534ff2d1eb4987174df5fd7604138983e6c68d8bc0ed08a627c243686dd400a5cc45dde6ee394d8f66addfff1a0987843ff54f6b22c1e9b6f7c2f93bfa74fc6768f0de674b06ec5cffd5e0d09ec8e7927cee7a44cb61cd26d93cdd6743d04bc35960869e3a2d196878b1f01662cfb58134be1f6d93db78de3,86b80727d604c6fb2c3fa3e50086f8fe,488-603-3998,2022-06-18T04:29:58Z,,,Date.now(),Date.now(),19,3
19,lrobarti,Leann,Robart,301 Cody Crossing,lrobarti@noaa.gov,3ea09ec554a19705f9235639166b89d8cc6bf23873096664676654a44faba66ed052fabdb8306f73b9df532c2a377e071c339ac5b0f24068c943ab7e1badb2fe7bed4271e5e52a8780a347595b84a6ca579c5015dce4fcea91e62bdf0a27b4227879bae8086d42c13d6060bcdab23aa58f86b14fe39b1c74732f187d61cf0991869eb4fb302ed5ba8f648ad58255c77fdb4dd1f25fa777e469a55e42e78284872620ec1ad5e341a50e99cac23bd3cc53af4f941bd0a5c103222801f0fcaf5e898e3d7c4aea9eb10700f759b22a229703e35de00142dd9ba3f5f99e1e4a9c6f4d9691294ab3dcac5f4154908c007accffed97ecfc5c95246cf4b8adaaac7013ea39ea4edaa969f89ae0d7a65f56e1888742f2c23c21f5e9a55b6a9997144828494aeb6af74354e92097f41a64e7cbe1c1b42f5ddb863ca24cc766860ce798b80f5d7f8783ff6c4f165adac1c82b0a4031223a7c9dcb92ba216f5c116feb02e5adc1c5806fa72a7d93f432b12c88e1753fd942417d2f2b7688b3b87193dc944152225f3763b91cc4dabb3ec2ab8a355ee6a369a8c6e4fe8d234207262ded771ba98abce40405edb64573c589e186fdf405610b8c28a6aaed7b0eaeece9fd16d6ebbe2b7a85c50663b70b02edad888faa9dd3f2d67830b14fb25ea7b3efd0a9774161a0d9d2c8ff56df43c2c59c7061fbb3d116380d86be23b46e32255a81202a51,5369855eb3de6676ebc0207a3811713d,928-576-4008,2022-04-16T19:38:28Z,,5108759543630124,Date.now(),Date.now(),18,4
20,fprocterj,Fabiano,Procter,2 Steensland Alley,fprocterj@nba.com,6b90e0ebf87334ea75a9ea54617b1741498b0f1d6df17ca993b0f65e0a4375cf5af7737c7035073e243cd796b433af6a73224be5b5e3d51169f23923ba25d327ba24446dca1876b23ae424e6fc2b66c4e64413543617ec7aa83dfbc73c8d2aea23ac11b8797c17de83c7459684078136b8230a9cd95138ad96569ae5f18d99144e3146d875bbca69d635b5a624fac917a355538abf7916d719c016dc64bed7fe6d065a723a48d1d6376eb20b2781d91a09b5135fd62ccde6bae05f30a1f3aab7b457dc241a52ed4e310cadd60332b04d7bb8f0ae47dad596d0312bea79228660495c92b2d94f75541ed09ec842c6b74fa5c5fd601c58e9ed534371775e7deb1e7aa4733a0c2cc691936d90326d273402f71a934037934b8bd638f0f337c037f74bb65bb861937d51531b47869489c7094df3b8f1c8432e24f0dacfa4f787f2e333af0a1e2d4620204a0409f86720befde20bd5f3e76862f2220826165bc0f01fb83908ca1c08636c5b837dd3ab77b403275b661a034fb214dfa779e03a2a1c0a3418591f95069b1534ff2d1eb4987174df5fd7604138983e6c68d8bc0ed08a627c243686dd400a5cc45dde6ee394d8f66addfff1a0987843ff54f6b22c1e9b6f7c2f93bfa74fc6768f0de674b06ec5cffd5e0d09ec8e7927cee7a44cb61cd26d93cdd6743d04bc35960869e3a2d196878b1f01662cfb58134be1f6d93db78de3,"",693-260-0516,2022-08-15T00:12:56Z,,5108752779734413,Date.now(),Date.now(),21,5
21,adrohunk,Augusta,Drohun,19824 Meadow Valley Road,adrohunk@illinois.edu,3ea09ec554a19705f9235639166b89d8cc6bf23873096664676654a44faba66ed052fabdb8306f73b9df532c2a377e071c339ac5b0f24068c943ab7e1badb2fe7bed4271e5e52a8780a347595b84a6ca579c5015dce4fcea91e62bdf0a27b4227879bae8086d42c13d6060bcdab23aa58f86b14fe39b1c74732f187d61cf0991869eb4fb302ed5ba8f648ad58255c77fdb4dd1f25fa777e469a55e42e78284872620ec1ad5e341a50e99cac23bd3cc53af4f941bd0a5c103222801f0fcaf5e898e3d7c4aea9eb10700f759b22a229703e35de00142dd9ba3f5f99e1e4a9c6f4d9691294ab3dcac5f4154908c007accffed97ecfc5c95246cf4b8adaaac7013ea39ea4edaa969f89ae0d7a65f56e1888742f2c23c21f5e9a55b6a9997144828494aeb6af74354e92097f41a64e7cbe1c1b42f5ddb863ca24cc766860ce798b80f5d7f8783ff6c4f165adac1c82b0a4031223a7c9dcb92ba216f5c116feb02e5adc1c5806fa72a7d93f432b12c88e1753fd942417d2f2b7688b3b87193dc944152225f3763b91cc4dabb3ec2ab8a355ee6a369a8c6e4fe8d234207262ded771ba98abce40405edb64573c589e186fdf405610b8c28a6aaed7b0eaeece9fd16d6ebbe2b7a85c50663b70b02edad888faa9dd3f2d67830b14fb25ea7b3efd0a9774161a0d9d2c8ff56df43c2c59c7061fbb3d116380d86be23b46e32255a81202a51,86b80727d604c6fb2c3fa3e50086f8fe,565-398-5228,2021-12-28T20:13:14Z,,5048372120986472,Date.now(),Date.now(),1,2
22,lwatkissl,Leighton,Watkiss,531 Westend Plaza,lwatkissl@lulu.com,6b90e0ebf87334ea75a9ea54617b1741498b0f1d6df17ca993b0f65e0a4375cf5af7737c7035073e243cd796b433af6a73224be5b5e3d51169f23923ba25d327ba24446dca1876b23ae424e6fc2b66c4e64413543617ec7aa83dfbc73c8d2aea23ac11b8797c17de83c7459684078136b8230a9cd95138ad96569ae5f18d99144e3146d875bbca69d635b5a624fac917a355538abf7916d719c016dc64bed7fe6d065a723a48d1d6376eb20b2781d91a09b5135fd62ccde6bae05f30a1f3aab7b457dc241a52ed4e310cadd60332b04d7bb8f0ae47dad596d0312bea79228660495c92b2d94f75541ed09ec842c6b74fa5c5fd601c58e9ed534371775e7deb1e7aa4733a0c2cc691936d90326d273402f71a934037934b8bd638f0f337c037f74bb65bb861937d51531b47869489c7094df3b8f1c8432e24f0dacfa4f787f2e333af0a1e2d4620204a0409f86720befde20bd5f3e76862f2220826165bc0f01fb83908ca1c08636c5b837dd3ab77b403275b661a034fb214dfa779e03a2a1c0a3418591f95069b1534ff2d1eb4987174df5fd7604138983e6c68d8bc0ed08a627c243686dd400a5cc45dde6ee394d8f66addfff1a0987843ff54f6b22c1e9b6f7c2f93bfa74fc6768f0de674b06ec5cffd5e0d09ec8e7927cee7a44cb61cd26d93cdd6743d04bc35960869e3a2d196878b1f01662cfb58134be1f6d93db78de3,5369855eb3de6676ebc0207a3811713d,309-798-4497,2022-05-18T14:48:16Z,mastercard,5108755156602137,Date.now(),Date.now(),16,3
23,cfincherm,Cheslie,Fincher,32571 Hovde Pass,cfincherm@trellian.com,3ea09ec554a19705f9235639166b89d8cc6bf23873096664676654a44faba66ed052fabdb8306f73b9df532c2a377e071c339ac5b0f24068c943ab7e1badb2fe7bed4271e5e52a8780a347595b84a6ca579c5015dce4fcea91e62bdf0a27b4227879bae8086d42c13d6060bcdab23aa58f86b14fe39b1c74732f187d61cf0991869eb4fb302ed5ba8f648ad58255c77fdb4dd1f25fa777e469a55e42e78284872620ec1ad5e341a50e99cac23bd3cc53af4f941bd0a5c103222801f0fcaf5e898e3d7c4aea9eb10700f759b22a229703e35de00142dd9ba3f5f99e1e4a9c6f4d9691294ab3dcac5f4154908c007accffed97ecfc5c95246cf4b8adaaac7013ea39ea4edaa969f89ae0d7a65f56e1888742f2c23c21f5e9a55b6a9997144828494aeb6af74354e92097f41a64e7cbe1c1b42f5ddb863ca24cc766860ce798b80f5d7f8783ff6c4f165adac1c82b0a4031223a7c9dcb92ba216f5c116feb02e5adc1c5806fa72a7d93f432b12c88e1753fd942417d2f2b7688b3b87193dc944152225f3763b91cc4dabb3ec2ab8a355ee6a369a8c6e4fe8d234207262ded771ba98abce40405edb64573c589e186fdf405610b8c28a6aaed7b0eaeece9fd16d6ebbe2b7a85c50663b70b02edad888faa9dd3f2d67830b14fb25ea7b3efd0a9774161a0d9d2c8ff56df43c2c59c7061fbb3d116380d86be23b46e32255a81202a51,"",983-337-8919,2021-12-14T20:04:08Z,mastercard,5048372747167290,Date.now(),Date.now(),12,4
24,jhartopn,Jacquelynn,Hartop,24653 Crownhardt Parkway,jhartopn@webs.com,6b90e0ebf87334ea75a9ea54617b1741498b0f1d6df17ca993b0f65e0a4375cf5af7737c7035073e243cd796b433af6a73224be5b5e3d51169f23923ba25d327ba24446dca1876b23ae424e6fc2b66c4e64413543617ec7aa83dfbc73c8d2aea23ac11b8797c17de83c7459684078136b8230a9cd95138ad96569ae5f18d99144e3146d875bbca69d635b5a624fac917a355538abf7916d719c016dc64bed7fe6d065a723a48d1d6376eb20b2781d91a09b5135fd62ccde6bae05f30a1f3aab7b457dc241a52ed4e310cadd60332b04d7bb8f0ae47dad596d0312bea79228660495c92b2d94f75541ed09ec842c6b74fa5c5fd601c58e9ed534371775e7deb1e7aa4733a0c2cc691936d90326d273402f71a934037934b8bd638f0f337c037f74bb65bb861937d51531b47869489c7094df3b8f1c8432e24f0dacfa4f787f2e333af0a1e2d4620204a0409f86720befde20bd5f3e76862f2220826165bc0f01fb83908ca1c08636c5b837dd3ab77b403275b661a034fb214dfa779e03a2a1c0a3418591f95069b1534ff2d1eb4987174df5fd7604138983e6c68d8bc0ed08a627c243686dd400a5cc45dde6ee394d8f66addfff1a0987843ff54f6b22c1e9b6f7c2f93bfa74fc6768f0de674b06ec5cffd5e0d09ec8e7927cee7a44cb61cd26d93cdd6743d04bc35960869e3a2d196878b1f01662cfb58134be1f6d93db78de3,86b80727d604c6fb2c3fa3e50086f8fe,520-759-6264,2021-12-02T00:38:02Z,mastercard,5048373159986151,Date.now(),Date.now(),8,5
25,hnapoleono,Harmonie,Napoleon,678 Main Lane,hnapoleono@simplemachines.org,3ea09ec554a19705f9235639166b89d8cc6bf23873096664676654a44faba66ed052fabdb8306f73b9df532c2a377e071c339ac5b0f24068c943ab7e1badb2fe7bed4271e5e52a8780a347595b84a6ca579c5015dce4fcea91e62bdf0a27b4227879bae8086d42c13d6060bcdab23aa58f86b14fe39b1c74732f187d61cf0991869eb4fb302ed5ba8f648ad58255c77fdb4dd1f25fa777e469a55e42e78284872620ec1ad5e341a50e99cac23bd3cc53af4f941bd0a5c103222801f0fcaf5e898e3d7c4aea9eb10700f759b22a229703e35de00142dd9ba3f5f99e1e4a9c6f4d9691294ab3dcac5f4154908c007accffed97ecfc5c95246cf4b8adaaac7013ea39ea4edaa969f89ae0d7a65f56e1888742f2c23c21f5e9a55b6a9997144828494aeb6af74354e92097f41a64e7cbe1c1b42f5ddb863ca24cc766860ce798b80f5d7f8783ff6c4f165adac1c82b0a4031223a7c9dcb92ba216f5c116feb02e5adc1c5806fa72a7d93f432b12c88e1753fd942417d2f2b7688b3b87193dc944152225f3763b91cc4dabb3ec2ab8a355ee6a369a8c6e4fe8d234207262ded771ba98abce40405edb64573c589e186fdf405610b8c28a6aaed7b0eaeece9fd16d6ebbe2b7a85c50663b70b02edad888faa9dd3f2d67830b14fb25ea7b3efd0a9774161a0d9d2c8ff56df43c2c59c7061fbb3d116380d86be23b46e32255a81202a51,5369855eb3de6676ebc0207a3811713d,702-483-9584,2022-02-22T04:50:34Z,mastercard,5108753654511363,Date.now(),Date.now(),14,2
26,bbrimhamp,Broderick,Brimham,381 Anthes Parkway,bbrimhamp@rakuten.co.jp,6b90e0ebf87334ea75a9ea54617b1741498b0f1d6df17ca993b0f65e0a4375cf5af7737c7035073e243cd796b433af6a73224be5b5e3d51169f23923ba25d327ba24446dca1876b23ae424e6fc2b66c4e64413543617ec7aa83dfbc73c8d2aea23ac11b8797c17de83c7459684078136b8230a9cd95138ad96569ae5f18d99144e3146d875bbca69d635b5a624fac917a355538abf7916d719c016dc64bed7fe6d065a723a48d1d6376eb20b2781d91a09b5135fd62ccde6bae05f30a1f3aab7b457dc241a52ed4e310cadd60332b04d7bb8f0ae47dad596d0312bea79228660495c92b2d94f75541ed09ec842c6b74fa5c5fd601c58e9ed534371775e7deb1e7aa4733a0c2cc691936d90326d273402f71a934037934b8bd638f0f337c037f74bb65bb861937d51531b47869489c7094df3b8f1c8432e24f0dacfa4f787f2e333af0a1e2d4620204a0409f86720befde20bd5f3e76862f2220826165bc0f01fb83908ca1c08636c5b837dd3ab77b403275b661a034fb214dfa779e03a2a1c0a3418591f95069b1534ff2d1eb4987174df5fd7604138983e6c68d8bc0ed08a627c243686dd400a5cc45dde6ee394d8f66addfff1a0987843ff54f6b22c1e9b6f7c2f93bfa74fc6768f0de674b06ec5cffd5e0d09ec8e7927cee7a44cb61cd26d93cdd6743d04bc35960869e3a2d196878b1f01662cfb58134be1f6d93db78de3,"",322-369-3662,2021-11-07T18:35:00Z,mastercard,5108754937519017,Date.now(),Date.now(),6,3
27,owillingaleq,Ollie,Willingale,2110 Esch Circle,owillingaleq@samsung.com,3ea09ec554a19705f9235639166b89d8cc6bf23873096664676654a44faba66ed052fabdb8306f73b9df532c2a377e071c339ac5b0f24068c943ab7e1badb2fe7bed4271e5e52a8780a347595b84a6ca579c5015dce4fcea91e62bdf0a27b4227879bae8086d42c13d6060bcdab23aa58f86b14fe39b1c74732f187d61cf0991869eb4fb302ed5ba8f648ad58255c77fdb4dd1f25fa777e469a55e42e78284872620ec1ad5e341a50e99cac23bd3cc53af4f941bd0a5c103222801f0fcaf5e898e3d7c4aea9eb10700f759b22a229703e35de00142dd9ba3f5f99e1e4a9c6f4d9691294ab3dcac5f4154908c007accffed97ecfc5c95246cf4b8adaaac7013ea39ea4edaa969f89ae0d7a65f56e1888742f2c23c21f5e9a55b6a9997144828494aeb6af74354e92097f41a64e7cbe1c1b42f5ddb863ca24cc766860ce798b80f5d7f8783ff6c4f165adac1c82b0a4031223a7c9dcb92ba216f5c116feb02e5adc1c5806fa72a7d93f432b12c88e1753fd942417d2f2b7688b3b87193dc944152225f3763b91cc4dabb3ec2ab8a355ee6a369a8c6e4fe8d234207262ded771ba98abce40405edb64573c589e186fdf405610b8c28a6aaed7b0eaeece9fd16d6ebbe2b7a85c50663b70b02edad888faa9dd3f2d67830b14fb25ea7b3efd0a9774161a0d9d2c8ff56df43c2c59c7061fbb3d116380d86be23b46e32255a81202a51,86b80727d604c6fb2c3fa3e50086f8fe,458-695-3164,2021-11-17T06:15:44Z,,5108750642271274,Date.now(),Date.now(),12,4
28,oconboyr,Onfroi,Conboy,74 Village Green Crossing,oconboyr@shutterfly.com,6b90e0ebf87334ea75a9ea54617b1741498b0f1d6df17ca993b0f65e0a4375cf5af7737c7035073e243cd796b433af6a73224be5b5e3d51169f23923ba25d327ba24446dca1876b23ae424e6fc2b66c4e64413543617ec7aa83dfbc73c8d2aea23ac11b8797c17de83c7459684078136b8230a9cd95138ad96569ae5f18d99144e3146d875bbca69d635b5a624fac917a355538abf7916d719c016dc64bed7fe6d065a723a48d1d6376eb20b2781d91a09b5135fd62ccde6bae05f30a1f3aab7b457dc241a52ed4e310cadd60332b04d7bb8f0ae47dad596d0312bea79228660495c92b2d94f75541ed09ec842c6b74fa5c5fd601c58e9ed534371775e7deb1e7aa4733a0c2cc691936d90326d273402f71a934037934b8bd638f0f337c037f74bb65bb861937d51531b47869489c7094df3b8f1c8432e24f0dacfa4f787f2e333af0a1e2d4620204a0409f86720befde20bd5f3e76862f2220826165bc0f01fb83908ca1c08636c5b837dd3ab77b403275b661a034fb214dfa779e03a2a1c0a3418591f95069b1534ff2d1eb4987174df5fd7604138983e6c68d8bc0ed08a627c243686dd400a5cc45dde6ee394d8f66addfff1a0987843ff54f6b22c1e9b6f7c2f93bfa74fc6768f0de674b06ec5cffd5e0d09ec8e7927cee7a44cb61cd26d93cdd6743d04bc35960869e3a2d196878b1f01662cfb58134be1f6d93db78de3,5369855eb3de6676ebc0207a3811713d,913-517-7143,2022-08-03T15:56:55Z,,5108755375811139,Date.now(),Date.now(),24,5
29,mbedenhams,Maddalena,Bedenham,929 Debs Trail,mbedenhams@dyndns.org,3ea09ec554a19705f9235639166b89d8cc6bf23873096664676654a44faba66ed052fabdb8306f73b9df532c2a377e071c339ac5b0f24068c943ab7e1badb2fe7bed4271e5e52a8780a347595b84a6ca579c5015dce4fcea91e62bdf0a27b4227879bae8086d42c13d6060bcdab23aa58f86b14fe39b1c74732f187d61cf0991869eb4fb302ed5ba8f648ad58255c77fdb4dd1f25fa777e469a55e42e78284872620ec1ad5e341a50e99cac23bd3cc53af4f941bd0a5c103222801f0fcaf5e898e3d7c4aea9eb10700f759b22a229703e35de00142dd9ba3f5f99e1e4a9c6f4d9691294ab3dcac5f4154908c007accffed97ecfc5c95246cf4b8adaaac7013ea39ea4edaa969f89ae0d7a65f56e1888742f2c23c21f5e9a55b6a9997144828494aeb6af74354e92097f41a64e7cbe1c1b42f5ddb863ca24cc766860ce798b80f5d7f8783ff6c4f165adac1c82b0a4031223a7c9dcb92ba216f5c116feb02e5adc1c5806fa72a7d93f432b12c88e1753fd942417d2f2b7688b3b87193dc944152225f3763b91cc4dabb3ec2ab8a355ee6a369a8c6e4fe8d234207262ded771ba98abce40405edb64573c589e186fdf405610b8c28a6aaed7b0eaeece9fd16d6ebbe2b7a85c50663b70b02edad888faa9dd3f2d67830b14fb25ea7b3efd0a9774161a0d9d2c8ff56df43c2c59c7061fbb3d116380d86be23b46e32255a81202a51,"",494-519-4163,2022-04-23T21:24:14Z,mastercard,5108751012232516,Date.now(),Date.now(),3,2
30,jgiacomettit,Janetta,Giacometti,68 Nobel Road,jgiacomettit@quantcast.com,6b90e0ebf87334ea75a9ea54617b1741498b0f1d6df17ca993b0f65e0a4375cf5af7737c7035073e243cd796b433af6a73224be5b5e3d51169f23923ba25d327ba24446dca1876b23ae424e6fc2b66c4e64413543617ec7aa83dfbc73c8d2aea23ac11b8797c17de83c7459684078136b8230a9cd95138ad96569ae5f18d99144e3146d875bbca69d635b5a624fac917a355538abf7916d719c016dc64bed7fe6d065a723a48d1d6376eb20b2781d91a09b5135fd62ccde6bae05f30a1f3aab7b457dc241a52ed4e310cadd60332b04d7bb8f0ae47dad596d0312bea79228660495c92b2d94f75541ed09ec842c6b74fa5c5fd601c58e9ed534371775e7deb1e7aa4733a0c2cc691936d90326d273402f71a934037934b8bd638f0f337c037f74bb65bb861937d51531b47869489c7094df3b8f1c8432e24f0dacfa4f787f2e333af0a1e2d4620204a0409f86720befde20bd5f3e76862f2220826165bc0f01fb83908ca1c08636c5b837dd3ab77b403275b661a034fb214dfa779e03a2a1c0a3418591f95069b1534ff2d1eb4987174df5fd7604138983e6c68d8bc0ed08a627c243686dd400a5cc45dde6ee394d8f66addfff1a0987843ff54f6b22c1e9b6f7c2f93bfa74fc6768f0de674b06ec5cffd5e0d09ec8e7927cee7a44cb61cd26d93cdd6743d04bc35960869e3a2d196878b1f01662cfb58134be1f6d93db78de3,86b80727d604c6fb2c3fa3e50086f8fe,415-546-8740,2022-10-27T03:41:33Z,,5108754026319584,Date.now(),Date.now(),22,3
31,rguysu,Rebekkah,Guys,96364 Emmet Drive,rguysu@google.es,3ea09ec554a19705f9235639166b89d8cc6bf23873096664676654a44faba66ed052fabdb8306f73b9df532c2a377e071c339ac5b0f24068c943ab7e1badb2fe7bed4271e5e52a8780a347595b84a6ca579c5015dce4fcea91e62bdf0a27b4227879bae8086d42c13d6060bcdab23aa58f86b14fe39b1c74732f187d61cf0991869eb4fb302ed5ba8f648ad58255c77fdb4dd1f25fa777e469a55e42e78284872620ec1ad5e341a50e99cac23bd3cc53af4f941bd0a5c103222801f0fcaf5e898e3d7c4aea9eb10700f759b22a229703e35de00142dd9ba3f5f99e1e4a9c6f4d9691294ab3dcac5f4154908c007accffed97ecfc5c95246cf4b8adaaac7013ea39ea4edaa969f89ae0d7a65f56e1888742f2c23c21f5e9a55b6a9997144828494aeb6af74354e92097f41a64e7cbe1c1b42f5ddb863ca24cc766860ce798b80f5d7f8783ff6c4f165adac1c82b0a4031223a7c9dcb92ba216f5c116feb02e5adc1c5806fa72a7d93f432b12c88e1753fd942417d2f2b7688b3b87193dc944152225f3763b91cc4dabb3ec2ab8a355ee6a369a8c6e4fe8d234207262ded771ba98abce40405edb64573c589e186fdf405610b8c28a6aaed7b0eaeece9fd16d6ebbe2b7a85c50663b70b02edad888faa9dd3f2d67830b14fb25ea7b3efd0a9774161a0d9d2c8ff56df43c2c59c7061fbb3d116380d86be23b46e32255a81202a51,5369855eb3de6676ebc0207a3811713d,279-158-5699,2021-11-14T16:45:47Z,,,Date.now(),Date.now(),22,4
32,tolphertv,Trey,Olphert,44207 Vermont Street,tolphertv@homestead.com,6b90e0ebf87334ea75a9ea54617b1741498b0f1d6df17ca993b0f65e0a4375cf5af7737c7035073e243cd796b433af6a73224be5b5e3d51169f23923ba25d327ba24446dca1876b23ae424e6fc2b66c4e64413543617ec7aa83dfbc73c8d2aea23ac11b8797c17de83c7459684078136b8230a9cd95138ad96569ae5f18d99144e3146d875bbca69d635b5a624fac917a355538abf7916d719c016dc64bed7fe6d065a723a48d1d6376eb20b2781d91a09b5135fd62ccde6bae05f30a1f3aab7b457dc241a52ed4e310cadd60332b04d7bb8f0ae47dad596d0312bea79228660495c92b2d94f75541ed09ec842c6b74fa5c5fd601c58e9ed534371775e7deb1e7aa4733a0c2cc691936d90326d273402f71a934037934b8bd638f0f337c037f74bb65bb861937d51531b47869489c7094df3b8f1c8432e24f0dacfa4f787f2e333af0a1e2d4620204a0409f86720befde20bd5f3e76862f2220826165bc0f01fb83908ca1c08636c5b837dd3ab77b403275b661a034fb214dfa779e03a2a1c0a3418591f95069b1534ff2d1eb4987174df5fd7604138983e6c68d8bc0ed08a627c243686dd400a5cc45dde6ee394d8f66addfff1a0987843ff54f6b22c1e9b6f7c2f93bfa74fc6768f0de674b06ec5cffd5e0d09ec8e7927cee7a44cb61cd26d93cdd6743d04bc35960869e3a2d196878b1f01662cfb58134be1f6d93db78de3,"",128-683-1927,2022-09-21T20:02:38Z,mastercard,5108751902951761,Date.now(),Date.now(),3,5
33,cnussgenw,Caroljean,Nussgen,6446 Darwin Lane,cnussgenw@prnewswire.com,3ea09ec554a19705f9235639166b89d8cc6bf23873096664676654a44faba66ed052fabdb8306f73b9df532c2a377e071c339ac5b0f24068c943ab7e1badb2fe7bed4271e5e52a8780a347595b84a6ca579c5015dce4fcea91e62bdf0a27b4227879bae8086d42c13d6060bcdab23aa58f86b14fe39b1c74732f187d61cf0991869eb4fb302ed5ba8f648ad58255c77fdb4dd1f25fa777e469a55e42e78284872620ec1ad5e341a50e99cac23bd3cc53af4f941bd0a5c103222801f0fcaf5e898e3d7c4aea9eb10700f759b22a229703e35de00142dd9ba3f5f99e1e4a9c6f4d9691294ab3dcac5f4154908c007accffed97ecfc5c95246cf4b8adaaac7013ea39ea4edaa969f89ae0d7a65f56e1888742f2c23c21f5e9a55b6a9997144828494aeb6af74354e92097f41a64e7cbe1c1b42f5ddb863ca24cc766860ce798b80f5d7f8783ff6c4f165adac1c82b0a4031223a7c9dcb92ba216f5c116feb02e5adc1c5806fa72a7d93f432b12c88e1753fd942417d2f2b7688b3b87193dc944152225f3763b91cc4dabb3ec2ab8a355ee6a369a8c6e4fe8d234207262ded771ba98abce40405edb64573c589e186fdf405610b8c28a6aaed7b0eaeece9fd16d6ebbe2b7a85c50663b70b02edad888faa9dd3f2d67830b14fb25ea7b3efd0a9774161a0d9d2c8ff56df43c2c59c7061fbb3d116380d86be23b46e32255a81202a51,86b80727d604c6fb2c3fa3e50086f8fe,821-445-9409,2022-04-12T18:10:10Z,,,Date.now(),Date.now(),4,2
34,smighelix,Suzanne,Migheli,23194 Everett Point,smighelix@hostgator.com,6b90e0ebf87334ea75a9ea54617b1741498b0f1d6df17ca993b0f65e0a4375cf5af7737c7035073e243cd796b433af6a73224be5b5e3d51169f23923ba25d327ba24446dca1876b23ae424e6fc2b66c4e64413543617ec7aa83dfbc73c8d2aea23ac11b8797c17de83c7459684078136b8230a9cd95138ad96569ae5f18d99144e3146d875bbca69d635b5a624fac917a355538abf7916d719c016dc64bed7fe6d065a723a48d1d6376eb20b2781d91a09b5135fd62ccde6bae05f30a1f3aab7b457dc241a52ed4e310cadd60332b04d7bb8f0ae47dad596d0312bea79228660495c92b2d94f75541ed09ec842c6b74fa5c5fd601c58e9ed534371775e7deb1e7aa4733a0c2cc691936d90326d273402f71a934037934b8bd638f0f337c037f74bb65bb861937d51531b47869489c7094df3b8f1c8432e24f0dacfa4f787f2e333af0a1e2d4620204a0409f86720befde20bd5f3e76862f2220826165bc0f01fb83908ca1c08636c5b837dd3ab77b403275b661a034fb214dfa779e03a2a1c0a3418591f95069b1534ff2d1eb4987174df5fd7604138983e6c68d8bc0ed08a627c243686dd400a5cc45dde6ee394d8f66addfff1a0987843ff54f6b22c1e9b6f7c2f93bfa74fc6768f0de674b06ec5cffd5e0d09ec8e7927cee7a44cb61cd26d93cdd6743d04bc35960869e3a2d196878b1f01662cfb58134be1f6d93db78de3,5369855eb3de6676ebc0207a3811713d,193-100-1970,2022-07-15T00:38:07Z,,5048379710895815,Date.now(),Date.now(),5,3
35,stegellery,Sadella,Tegeller,9 Sauthoff Court,stegellery@sphinn.com,3ea09ec554a19705f9235639166b89d8cc6bf23873096664676654a44faba66ed052fabdb8306f73b9df532c2a377e071c339ac5b0f24068c943ab7e1badb2fe7bed4271e5e52a8780a347595b84a6ca579c5015dce4fcea91e62bdf0a27b4227879bae8086d42c13d6060bcdab23aa58f86b14fe39b1c74732f187d61cf0991869eb4fb302ed5ba8f648ad58255c77fdb4dd1f25fa777e469a55e42e78284872620ec1ad5e341a50e99cac23bd3cc53af4f941bd0a5c103222801f0fcaf5e898e3d7c4aea9eb10700f759b22a229703e35de00142dd9ba3f5f99e1e4a9c6f4d9691294ab3dcac5f4154908c007accffed97ecfc5c95246cf4b8adaaac7013ea39ea4edaa969f89ae0d7a65f56e1888742f2c23c21f5e9a55b6a9997144828494aeb6af74354e92097f41a64e7cbe1c1b42f5ddb863ca24cc766860ce798b80f5d7f8783ff6c4f165adac1c82b0a4031223a7c9dcb92ba216f5c116feb02e5adc1c5806fa72a7d93f432b12c88e1753fd942417d2f2b7688b3b87193dc944152225f3763b91cc4dabb3ec2ab8a355ee6a369a8c6e4fe8d234207262ded771ba98abce40405edb64573c589e186fdf405610b8c28a6aaed7b0eaeece9fd16d6ebbe2b7a85c50663b70b02edad888faa9dd3f2d67830b14fb25ea7b3efd0a9774161a0d9d2c8ff56df43c2c59c7061fbb3d116380d86be23b46e32255a81202a51,"",625-401-4667,2022-09-19T20:31:16Z,mastercard,5048372896789555,Date.now(),Date.now(),5,4
36,gyoungmanz,Gail,Youngman,94 Mendota Road,gyoungmanz@state.gov,6b90e0ebf87334ea75a9ea54617b1741498b0f1d6df17ca993b0f65e0a4375cf5af7737c7035073e243cd796b433af6a73224be5b5e3d51169f23923ba25d327ba24446dca1876b23ae424e6fc2b66c4e64413543617ec7aa83dfbc73c8d2aea23ac11b8797c17de83c7459684078136b8230a9cd95138ad96569ae5f18d99144e3146d875bbca69d635b5a624fac917a355538abf7916d719c016dc64bed7fe6d065a723a48d1d6376eb20b2781d91a09b5135fd62ccde6bae05f30a1f3aab7b457dc241a52ed4e310cadd60332b04d7bb8f0ae47dad596d0312bea79228660495c92b2d94f75541ed09ec842c6b74fa5c5fd601c58e9ed534371775e7deb1e7aa4733a0c2cc691936d90326d273402f71a934037934b8bd638f0f337c037f74bb65bb861937d51531b47869489c7094df3b8f1c8432e24f0dacfa4f787f2e333af0a1e2d4620204a0409f86720befde20bd5f3e76862f2220826165bc0f01fb83908ca1c08636c5b837dd3ab77b403275b661a034fb214dfa779e03a2a1c0a3418591f95069b1534ff2d1eb4987174df5fd7604138983e6c68d8bc0ed08a627c243686dd400a5cc45dde6ee394d8f66addfff1a0987843ff54f6b22c1e9b6f7c2f93bfa74fc6768f0de674b06ec5cffd5e0d09ec8e7927cee7a44cb61cd26d93cdd6743d04bc35960869e3a2d196878b1f01662cfb58134be1f6d93db78de3,86b80727d604c6fb2c3fa3e50086f8fe,883-382-2813,2022-08-26T08:46:45Z,,,Date.now(),Date.now(),12,5
37,rpavlishchev10,Row,Pavlishchev,9922 Doe Crossing Center,rpavlishchev10@deviantart.com,3ea09ec554a19705f9235639166b89d8cc6bf23873096664676654a44faba66ed052fabdb8306f73b9df532c2a377e071c339ac5b0f24068c943ab7e1badb2fe7bed4271e5e52a8780a347595b84a6ca579c5015dce4fcea91e62bdf0a27b4227879bae8086d42c13d6060bcdab23aa58f86b14fe39b1c74732f187d61cf0991869eb4fb302ed5ba8f648ad58255c77fdb4dd1f25fa777e469a55e42e78284872620ec1ad5e341a50e99cac23bd3cc53af4f941bd0a5c103222801f0fcaf5e898e3d7c4aea9eb10700f759b22a229703e35de00142dd9ba3f5f99e1e4a9c6f4d9691294ab3dcac5f4154908c007accffed97ecfc5c95246cf4b8adaaac7013ea39ea4edaa969f89ae0d7a65f56e1888742f2c23c21f5e9a55b6a9997144828494aeb6af74354e92097f41a64e7cbe1c1b42f5ddb863ca24cc766860ce798b80f5d7f8783ff6c4f165adac1c82b0a4031223a7c9dcb92ba216f5c116feb02e5adc1c5806fa72a7d93f432b12c88e1753fd942417d2f2b7688b3b87193dc944152225f3763b91cc4dabb3ec2ab8a355ee6a369a8c6e4fe8d234207262ded771ba98abce40405edb64573c589e186fdf405610b8c28a6aaed7b0eaeece9fd16d6ebbe2b7a85c50663b70b02edad888faa9dd3f2d67830b14fb25ea7b3efd0a9774161a0d9d2c8ff56df43c2c59c7061fbb3d116380d86be23b46e32255a81202a51,5369855eb3de6676ebc0207a3811713d,100-736-7914,2022-03-31T23:53:57Z,,,Date.now(),Date.now(),4,2
38,mhedan11,Myrah,Hedan,53 Armistice Avenue,mhedan11@bloglines.com,6b90e0ebf87334ea75a9ea54617b1741498b0f1d6df17ca993b0f65e0a4375cf5af7737c7035073e243cd796b433af6a73224be5b5e3d51169f23923ba25d327ba24446dca1876b23ae424e6fc2b66c4e64413543617ec7aa83dfbc73c8d2aea23ac11b8797c17de83c7459684078136b8230a9cd95138ad96569ae5f18d99144e3146d875bbca69d635b5a624fac917a355538abf7916d719c016dc64bed7fe6d065a723a48d1d6376eb20b2781d91a09b5135fd62ccde6bae05f30a1f3aab7b457dc241a52ed4e310cadd60332b04d7bb8f0ae47dad596d0312bea79228660495c92b2d94f75541ed09ec842c6b74fa5c5fd601c58e9ed534371775e7deb1e7aa4733a0c2cc691936d90326d273402f71a934037934b8bd638f0f337c037f74bb65bb861937d51531b47869489c7094df3b8f1c8432e24f0dacfa4f787f2e333af0a1e2d4620204a0409f86720befde20bd5f3e76862f2220826165bc0f01fb83908ca1c08636c5b837dd3ab77b403275b661a034fb214dfa779e03a2a1c0a3418591f95069b1534ff2d1eb4987174df5fd7604138983e6c68d8bc0ed08a627c243686dd400a5cc45dde6ee394d8f66addfff1a0987843ff54f6b22c1e9b6f7c2f93bfa74fc6768f0de674b06ec5cffd5e0d09ec8e7927cee7a44cb61cd26d93cdd6743d04bc35960869e3a2d196878b1f01662cfb58134be1f6d93db78de3,"",897-310-8733,2021-12-28T20:05:19Z,,,Date.now(),Date.now(),23,3
39,gclowney12,Georgia,Clowney,151 Del Mar Parkway,gclowney12@opensource.org,3ea09ec554a19705f9235639166b89d8cc6bf23873096664676654a44faba66ed052fabdb8306f73b9df532c2a377e071c339ac5b0f24068c943ab7e1badb2fe7bed4271e5e52a8780a347595b84a6ca579c5015dce4fcea91e62bdf0a27b4227879bae8086d42c13d6060bcdab23aa58f86b14fe39b1c74732f187d61cf0991869eb4fb302ed5ba8f648ad58255c77fdb4dd1f25fa777e469a55e42e78284872620ec1ad5e341a50e99cac23bd3cc53af4f941bd0a5c103222801f0fcaf5e898e3d7c4aea9eb10700f759b22a229703e35de00142dd9ba3f5f99e1e4a9c6f4d9691294ab3dcac5f4154908c007accffed97ecfc5c95246cf4b8adaaac7013ea39ea4edaa969f89ae0d7a65f56e1888742f2c23c21f5e9a55b6a9997144828494aeb6af74354e92097f41a64e7cbe1c1b42f5ddb863ca24cc766860ce798b80f5d7f8783ff6c4f165adac1c82b0a4031223a7c9dcb92ba216f5c116feb02e5adc1c5806fa72a7d93f432b12c88e1753fd942417d2f2b7688b3b87193dc944152225f3763b91cc4dabb3ec2ab8a355ee6a369a8c6e4fe8d234207262ded771ba98abce40405edb64573c589e186fdf405610b8c28a6aaed7b0eaeece9fd16d6ebbe2b7a85c50663b70b02edad888faa9dd3f2d67830b14fb25ea7b3efd0a9774161a0d9d2c8ff56df43c2c59c7061fbb3d116380d86be23b46e32255a81202a51,86b80727d604c6fb2c3fa3e50086f8fe,109-287-3710,2022-09-02T13:55:59Z,,5048373792378329,Date.now(),Date.now(),2,4
40,bshields13,Baxy,Shields,102 Havey Circle,bshields13@wix.com,6b90e0ebf87334ea75a9ea54617b1741498b0f1d6df17ca993b0f65e0a4375cf5af7737c7035073e243cd796b433af6a73224be5b5e3d51169f23923ba25d327ba24446dca1876b23ae424e6fc2b66c4e64413543617ec7aa83dfbc73c8d2aea23ac11b8797c17de83c7459684078136b8230a9cd95138ad96569ae5f18d99144e3146d875bbca69d635b5a624fac917a355538abf7916d719c016dc64bed7fe6d065a723a48d1d6376eb20b2781d91a09b5135fd62ccde6bae05f30a1f3aab7b457dc241a52ed4e310cadd60332b04d7bb8f0ae47dad596d0312bea79228660495c92b2d94f75541ed09ec842c6b74fa5c5fd601c58e9ed534371775e7deb1e7aa4733a0c2cc691936d90326d273402f71a934037934b8bd638f0f337c037f74bb65bb861937d51531b47869489c7094df3b8f1c8432e24f0dacfa4f787f2e333af0a1e2d4620204a0409f86720befde20bd5f3e76862f2220826165bc0f01fb83908ca1c08636c5b837dd3ab77b403275b661a034fb214dfa779e03a2a1c0a3418591f95069b1534ff2d1eb4987174df5fd7604138983e6c68d8bc0ed08a627c243686dd400a5cc45dde6ee394d8f66addfff1a0987843ff54f6b22c1e9b6f7c2f93bfa74fc6768f0de674b06ec5cffd5e0d09ec8e7927cee7a44cb61cd26d93cdd6743d04bc35960869e3a2d196878b1f01662cfb58134be1f6d93db78de3,5369855eb3de6676ebc0207a3811713d,602-188-1116,2022-07-25T04:06:40Z,mastercard,5048377564233208,Date.now(),Date.now(),5,5
41,agalilee14,Alec,Galilee,21 Superior Avenue,agalilee14@theguardian.com,3ea09ec554a19705f9235639166b89d8cc6bf23873096664676654a44faba66ed052fabdb8306f73b9df532c2a377e071c339ac5b0f24068c943ab7e1badb2fe7bed4271e5e52a8780a347595b84a6ca579c5015dce4fcea91e62bdf0a27b4227879bae8086d42c13d6060bcdab23aa58f86b14fe39b1c74732f187d61cf0991869eb4fb302ed5ba8f648ad58255c77fdb4dd1f25fa777e469a55e42e78284872620ec1ad5e341a50e99cac23bd3cc53af4f941bd0a5c103222801f0fcaf5e898e3d7c4aea9eb10700f759b22a229703e35de00142dd9ba3f5f99e1e4a9c6f4d9691294ab3dcac5f4154908c007accffed97ecfc5c95246cf4b8adaaac7013ea39ea4edaa969f89ae0d7a65f56e1888742f2c23c21f5e9a55b6a9997144828494aeb6af74354e92097f41a64e7cbe1c1b42f5ddb863ca24cc766860ce798b80f5d7f8783ff6c4f165adac1c82b0a4031223a7c9dcb92ba216f5c116feb02e5adc1c5806fa72a7d93f432b12c88e1753fd942417d2f2b7688b3b87193dc944152225f3763b91cc4dabb3ec2ab8a355ee6a369a8c6e4fe8d234207262ded771ba98abce40405edb64573c589e186fdf405610b8c28a6aaed7b0eaeece9fd16d6ebbe2b7a85c50663b70b02edad888faa9dd3f2d67830b14fb25ea7b3efd0a9774161a0d9d2c8ff56df43c2c59c7061fbb3d116380d86be23b46e32255a81202a51,"",902-156-6976,2022-08-20T16:20:11Z,,,Date.now(),Date.now(),20,2
42,dchasemoore15,Delmor,Chasemoore,1 Shoshone Street,dchasemoore15@google.com.br,6b90e0ebf87334ea75a9ea54617b1741498b0f1d6df17ca993b0f65e0a4375cf5af7737c7035073e243cd796b433af6a73224be5b5e3d51169f23923ba25d327ba24446dca1876b23ae424e6fc2b66c4e64413543617ec7aa83dfbc73c8d2aea23ac11b8797c17de83c7459684078136b8230a9cd95138ad96569ae5f18d99144e3146d875bbca69d635b5a624fac917a355538abf7916d719c016dc64bed7fe6d065a723a48d1d6376eb20b2781d91a09b5135fd62ccde6bae05f30a1f3aab7b457dc241a52ed4e310cadd60332b04d7bb8f0ae47dad596d0312bea79228660495c92b2d94f75541ed09ec842c6b74fa5c5fd601c58e9ed534371775e7deb1e7aa4733a0c2cc691936d90326d273402f71a934037934b8bd638f0f337c037f74bb65bb861937d51531b47869489c7094df3b8f1c8432e24f0dacfa4f787f2e333af0a1e2d4620204a0409f86720befde20bd5f3e76862f2220826165bc0f01fb83908ca1c08636c5b837dd3ab77b403275b661a034fb214dfa779e03a2a1c0a3418591f95069b1534ff2d1eb4987174df5fd7604138983e6c68d8bc0ed08a627c243686dd400a5cc45dde6ee394d8f66addfff1a0987843ff54f6b22c1e9b6f7c2f93bfa74fc6768f0de674b06ec5cffd5e0d09ec8e7927cee7a44cb61cd26d93cdd6743d04bc35960869e3a2d196878b1f01662cfb58134be1f6d93db78de3,86b80727d604c6fb2c3fa3e50086f8fe,345-113-8298,2022-01-06T02:44:35Z,mastercard,5108750868754730,Date.now(),Date.now(),8,3
43,bbulman16,Briggs,Bulman,29040 Doe Crossing Terrace,bbulman16@wikimedia.org,3ea09ec554a19705f9235639166b89d8cc6bf23873096664676654a44faba66ed052fabdb8306f73b9df532c2a377e071c339ac5b0f24068c943ab7e1badb2fe7bed4271e5e52a8780a347595b84a6ca579c5015dce4fcea91e62bdf0a27b4227879bae8086d42c13d6060bcdab23aa58f86b14fe39b1c74732f187d61cf0991869eb4fb302ed5ba8f648ad58255c77fdb4dd1f25fa777e469a55e42e78284872620ec1ad5e341a50e99cac23bd3cc53af4f941bd0a5c103222801f0fcaf5e898e3d7c4aea9eb10700f759b22a229703e35de00142dd9ba3f5f99e1e4a9c6f4d9691294ab3dcac5f4154908c007accffed97ecfc5c95246cf4b8adaaac7013ea39ea4edaa969f89ae0d7a65f56e1888742f2c23c21f5e9a55b6a9997144828494aeb6af74354e92097f41a64e7cbe1c1b42f5ddb863ca24cc766860ce798b80f5d7f8783ff6c4f165adac1c82b0a4031223a7c9dcb92ba216f5c116feb02e5adc1c5806fa72a7d93f432b12c88e1753fd942417d2f2b7688b3b87193dc944152225f3763b91cc4dabb3ec2ab8a355ee6a369a8c6e4fe8d234207262ded771ba98abce40405edb64573c589e186fdf405610b8c28a6aaed7b0eaeece9fd16d6ebbe2b7a85c50663b70b02edad888faa9dd3f2d67830b14fb25ea7b3efd0a9774161a0d9d2c8ff56df43c2c59c7061fbb3d116380d86be23b46e32255a81202a51,5369855eb3de6676ebc0207a3811713d,420-171-5794,2022-06-15T22:54:25Z,,5048372090179843,Date.now(),Date.now(),22,4
44,lquaintance17,Lin,Quaintance,37 Merchant Terrace,lquaintance17@aol.com,6b90e0ebf87334ea75a9ea54617b1741498b0f1d6df17ca993b0f65e0a4375cf5af7737c7035073e243cd796b433af6a73224be5b5e3d51169f23923ba25d327ba24446dca1876b23ae424e6fc2b66c4e64413543617ec7aa83dfbc73c8d2aea23ac11b8797c17de83c7459684078136b8230a9cd95138ad96569ae5f18d99144e3146d875bbca69d635b5a624fac917a355538abf7916d719c016dc64bed7fe6d065a723a48d1d6376eb20b2781d91a09b5135fd62ccde6bae05f30a1f3aab7b457dc241a52ed4e310cadd60332b04d7bb8f0ae47dad596d0312bea79228660495c92b2d94f75541ed09ec842c6b74fa5c5fd601c58e9ed534371775e7deb1e7aa4733a0c2cc691936d90326d273402f71a934037934b8bd638f0f337c037f74bb65bb861937d51531b47869489c7094df3b8f1c8432e24f0dacfa4f787f2e333af0a1e2d4620204a0409f86720befde20bd5f3e76862f2220826165bc0f01fb83908ca1c08636c5b837dd3ab77b403275b661a034fb214dfa779e03a2a1c0a3418591f95069b1534ff2d1eb4987174df5fd7604138983e6c68d8bc0ed08a627c243686dd400a5cc45dde6ee394d8f66addfff1a0987843ff54f6b22c1e9b6f7c2f93bfa74fc6768f0de674b06ec5cffd5e0d09ec8e7927cee7a44cb61cd26d93cdd6743d04bc35960869e3a2d196878b1f01662cfb58134be1f6d93db78de3,"",219-723-0768,2021-11-02T04:08:06Z,mastercard,5108752957736230,Date.now(),Date.now(),22,5
45,kfawbert18,Kalil,Fawbert,859 Stoughton Alley,kfawbert18@blogger.com,3ea09ec554a19705f9235639166b89d8cc6bf23873096664676654a44faba66ed052fabdb8306f73b9df532c2a377e071c339ac5b0f24068c943ab7e1badb2fe7bed4271e5e52a8780a347595b84a6ca579c5015dce4fcea91e62bdf0a27b4227879bae8086d42c13d6060bcdab23aa58f86b14fe39b1c74732f187d61cf0991869eb4fb302ed5ba8f648ad58255c77fdb4dd1f25fa777e469a55e42e78284872620ec1ad5e341a50e99cac23bd3cc53af4f941bd0a5c103222801f0fcaf5e898e3d7c4aea9eb10700f759b22a229703e35de00142dd9ba3f5f99e1e4a9c6f4d9691294ab3dcac5f4154908c007accffed97ecfc5c95246cf4b8adaaac7013ea39ea4edaa969f89ae0d7a65f56e1888742f2c23c21f5e9a55b6a9997144828494aeb6af74354e92097f41a64e7cbe1c1b42f5ddb863ca24cc766860ce798b80f5d7f8783ff6c4f165adac1c82b0a4031223a7c9dcb92ba216f5c116feb02e5adc1c5806fa72a7d93f432b12c88e1753fd942417d2f2b7688b3b87193dc944152225f3763b91cc4dabb3ec2ab8a355ee6a369a8c6e4fe8d234207262ded771ba98abce40405edb64573c589e186fdf405610b8c28a6aaed7b0eaeece9fd16d6ebbe2b7a85c50663b70b02edad888faa9dd3f2d67830b14fb25ea7b3efd0a9774161a0d9d2c8ff56df43c2c59c7061fbb3d116380d86be23b46e32255a81202a51,86b80727d604c6fb2c3fa3e50086f8fe,624-140-0964,2022-04-02T22:05:47Z,,5108751517749196,Date.now(),Date.now(),24,2
46,mkentish19,Meier,Kentish,3180 Northridge Avenue,mkentish19@ted.com,6b90e0ebf87334ea75a9ea54617b1741498b0f1d6df17ca993b0f65e0a4375cf5af7737c7035073e243cd796b433af6a73224be5b5e3d51169f23923ba25d327ba24446dca1876b23ae424e6fc2b66c4e64413543617ec7aa83dfbc73c8d2aea23ac11b8797c17de83c7459684078136b8230a9cd95138ad96569ae5f18d99144e3146d875bbca69d635b5a624fac917a355538abf7916d719c016dc64bed7fe6d065a723a48d1d6376eb20b2781d91a09b5135fd62ccde6bae05f30a1f3aab7b457dc241a52ed4e310cadd60332b04d7bb8f0ae47dad596d0312bea79228660495c92b2d94f75541ed09ec842c6b74fa5c5fd601c58e9ed534371775e7deb1e7aa4733a0c2cc691936d90326d273402f71a934037934b8bd638f0f337c037f74bb65bb861937d51531b47869489c7094df3b8f1c8432e24f0dacfa4f787f2e333af0a1e2d4620204a0409f86720befde20bd5f3e76862f2220826165bc0f01fb83908ca1c08636c5b837dd3ab77b403275b661a034fb214dfa779e03a2a1c0a3418591f95069b1534ff2d1eb4987174df5fd7604138983e6c68d8bc0ed08a627c243686dd400a5cc45dde6ee394d8f66addfff1a0987843ff54f6b22c1e9b6f7c2f93bfa74fc6768f0de674b06ec5cffd5e0d09ec8e7927cee7a44cb61cd26d93cdd6743d04bc35960869e3a2d196878b1f01662cfb58134be1f6d93db78de3,5369855eb3de6676ebc0207a3811713d,466-220-5805,2022-08-27T11:54:16Z,mastercard,5048370210187688,Date.now(),Date.now(),18,3
47,lcossum1a,Livy,Cossum,19 Macpherson Drive,lcossum1a@fema.gov,3ea09ec554a19705f9235639166b89d8cc6bf23873096664676654a44faba66ed052fabdb8306f73b9df532c2a377e071c339ac5b0f24068c943ab7e1badb2fe7bed4271e5e52a8780a347595b84a6ca579c5015dce4fcea91e62bdf0a27b4227879bae8086d42c13d6060bcdab23aa58f86b14fe39b1c74732f187d61cf0991869eb4fb302ed5ba8f648ad58255c77fdb4dd1f25fa777e469a55e42e78284872620ec1ad5e341a50e99cac23bd3cc53af4f941bd0a5c103222801f0fcaf5e898e3d7c4aea9eb10700f759b22a229703e35de00142dd9ba3f5f99e1e4a9c6f4d9691294ab3dcac5f4154908c007accffed97ecfc5c95246cf4b8adaaac7013ea39ea4edaa969f89ae0d7a65f56e1888742f2c23c21f5e9a55b6a9997144828494aeb6af74354e92097f41a64e7cbe1c1b42f5ddb863ca24cc766860ce798b80f5d7f8783ff6c4f165adac1c82b0a4031223a7c9dcb92ba216f5c116feb02e5adc1c5806fa72a7d93f432b12c88e1753fd942417d2f2b7688b3b87193dc944152225f3763b91cc4dabb3ec2ab8a355ee6a369a8c6e4fe8d234207262ded771ba98abce40405edb64573c589e186fdf405610b8c28a6aaed7b0eaeece9fd16d6ebbe2b7a85c50663b70b02edad888faa9dd3f2d67830b14fb25ea7b3efd0a9774161a0d9d2c8ff56df43c2c59c7061fbb3d116380d86be23b46e32255a81202a51,"",626-709-9284,2021-12-25T16:28:01Z,,5048376199316669,Date.now(),Date.now(),11,4
48,tnattrass1b,Tripp,Nattrass,1112 Calypso Place,tnattrass1b@apache.org,6b90e0ebf87334ea75a9ea54617b1741498b0f1d6df17ca993b0f65e0a4375cf5af7737c7035073e243cd796b433af6a73224be5b5e3d51169f23923ba25d327ba24446dca1876b23ae424e6fc2b66c4e64413543617ec7aa83dfbc73c8d2aea23ac11b8797c17de83c7459684078136b8230a9cd95138ad96569ae5f18d99144e3146d875bbca69d635b5a624fac917a355538abf7916d719c016dc64bed7fe6d065a723a48d1d6376eb20b2781d91a09b5135fd62ccde6bae05f30a1f3aab7b457dc241a52ed4e310cadd60332b04d7bb8f0ae47dad596d0312bea79228660495c92b2d94f75541ed09ec842c6b74fa5c5fd601c58e9ed534371775e7deb1e7aa4733a0c2cc691936d90326d273402f71a934037934b8bd638f0f337c037f74bb65bb861937d51531b47869489c7094df3b8f1c8432e24f0dacfa4f787f2e333af0a1e2d4620204a0409f86720befde20bd5f3e76862f2220826165bc0f01fb83908ca1c08636c5b837dd3ab77b403275b661a034fb214dfa779e03a2a1c0a3418591f95069b1534ff2d1eb4987174df5fd7604138983e6c68d8bc0ed08a627c243686dd400a5cc45dde6ee394d8f66addfff1a0987843ff54f6b22c1e9b6f7c2f93bfa74fc6768f0de674b06ec5cffd5e0d09ec8e7927cee7a44cb61cd26d93cdd6743d04bc35960869e3a2d196878b1f01662cfb58134be1f6d93db78de3,86b80727d604c6fb2c3fa3e50086f8fe,605-658-8273,2022-01-15T19:33:10Z,,,Date.now(),Date.now(),9,5
49,tmaccoughan1c,Teddy,MacCoughan,1232 Pepper Wood Plaza,tmaccoughan1c@aboutads.info,3ea09ec554a19705f9235639166b89d8cc6bf23873096664676654a44faba66ed052fabdb8306f73b9df532c2a377e071c339ac5b0f24068c943ab7e1badb2fe7bed4271e5e52a8780a347595b84a6ca579c5015dce4fcea91e62bdf0a27b4227879bae8086d42c13d6060bcdab23aa58f86b14fe39b1c74732f187d61cf0991869eb4fb302ed5ba8f648ad58255c77fdb4dd1f25fa777e469a55e42e78284872620ec1ad5e341a50e99cac23bd3cc53af4f941bd0a5c103222801f0fcaf5e898e3d7c4aea9eb10700f759b22a229703e35de00142dd9ba3f5f99e1e4a9c6f4d9691294ab3dcac5f4154908c007accffed97ecfc5c95246cf4b8adaaac7013ea39ea4edaa969f89ae0d7a65f56e1888742f2c23c21f5e9a55b6a9997144828494aeb6af74354e92097f41a64e7cbe1c1b42f5ddb863ca24cc766860ce798b80f5d7f8783ff6c4f165adac1c82b0a4031223a7c9dcb92ba216f5c116feb02e5adc1c5806fa72a7d93f432b12c88e1753fd942417d2f2b7688b3b87193dc944152225f3763b91cc4dabb3ec2ab8a355ee6a369a8c6e4fe8d234207262ded771ba98abce40405edb64573c589e186fdf405610b8c28a6aaed7b0eaeece9fd16d6ebbe2b7a85c50663b70b02edad888faa9dd3f2d67830b14fb25ea7b3efd0a9774161a0d9d2c8ff56df43c2c59c7061fbb3d116380d86be23b46e32255a81202a51,5369855eb3de6676ebc0207a3811713d,958-776-0567,2022-07-08T10:04:32Z,mastercard,5048372059030904,Date.now(),Date.now(),25,2
50,apadginton1d,Alford,Padginton,40 Oakridge Plaza,apadginton1d@google.es,6b90e0ebf87334ea75a9ea54617b1741498b0f1d6df17ca993b0f65e0a4375cf5af7737c7035073e243cd796b433af6a73224be5b5e3d51169f23923ba25d327ba24446dca1876b23ae424e6fc2b66c4e64413543617ec7aa83dfbc73c8d2aea23ac11b8797c17de83c7459684078136b8230a9cd95138ad96569ae5f18d99144e3146d875bbca69d635b5a624fac917a355538abf7916d719c016dc64bed7fe6d065a723a48d1d6376eb20b2781d91a09b5135fd62ccde6bae05f30a1f3aab7b457dc241a52ed4e310cadd60332b04d7bb8f0ae47dad596d0312bea79228660495c92b2d94f75541ed09ec842c6b74fa5c5fd601c58e9ed534371775e7deb1e7aa4733a0c2cc691936d90326d273402f71a934037934b8bd638f0f337c037f74bb65bb861937d51531b47869489c7094df3b8f1c8432e24f0dacfa4f787f2e333af0a1e2d4620204a0409f86720befde20bd5f3e76862f2220826165bc0f01fb83908ca1c08636c5b837dd3ab77b403275b661a034fb214dfa779e03a2a1c0a3418591f95069b1534ff2d1eb4987174df5fd7604138983e6c68d8bc0ed08a627c243686dd400a5cc45dde6ee394d8f66addfff1a0987843ff54f6b22c1e9b6f7c2f93bfa74fc6768f0de674b06ec5cffd5e0d09ec8e7927cee7a44cb61cd26d93cdd6743d04bc35960869e3a2d196878b1f01662cfb58134be1f6d93db78de3,"",836-579-3053,2022-06-15T10:06:34Z,,,Date.now(),Date.now(),9,3
